x,y,diameter,name
127,186,33.372566,cute
152,265,36.597557,cute
166,294,22.904613,cute
204,331,30.551212,cute
285,337,32.420315,cute
375,318,24.262196,cute
398,274,28.49991,cute
409,194,21.606537,cute
404,150,31.777132,cute
377,111,38.415718,cute
